doc_id,profile_doc_id,score
1752311,12927453,0.13941629230976105
1752311,7131746,0.40727055072784424
1752311,2449959,0.30507874488830566
1752311,12577063,0.25985345244407654
1752311,4447146,0.1540597528219223
1752311,26035179,0.3316003382205963
1752311,4701614,0.2819051444530487
1752311,17934674,0.42013654112815857
1752311,11350741,0.22398747503757477
1752311,17948605,0.38494378328323364
1594259,53030273,0.24139781296253204
1594259,1545386,0.28844690322875977
1594259,27256588,0.26028382778167725
1594259,1502522,0.16680368781089783
1594259,35264398,0.45834389328956604
1594259,864371,0.28194156289100647
1594259,2073014,0.20342212915420532
1594259,4562840,0.15651170909404755
1594259,23962234,0.329000324010849
1594259,54388828,0.24520622193813324
2657708,1745570,0.22393789887428284
2657708,319939,0.24410714209079742
2657708,2309350,0.3666631579399109
2657708,11393019,0.17584064602851868
2657708,7127602,0.1840563267469406
2657708,34748051,0.08107965439558029
2657708,13122074,0.11976372450590134
2657708,25752539,0.2863294780254364
2657708,18255674,0.11607365310192108
2657708,88350,0.1793205440044403
56701,67157440,0.3048737347126007
56701,3649,0.12619155645370483
56701,772358,0.14503724873065948
56701,3251839,0.23543888330459595
56701,10739,0.1933627426624298
56701,2155446,0.16765014827251434
56701,56697,0.11544490605592728
56701,67323,0.16550104320049286
56701,3203836,0.26756271719932556
56701,20171839,0.5042780041694641
6135022,19092390,0.6189038157463074
6135022,3393480,0.307005375623703
6135022,21587308,0.49979642033576965
6135022,6136079,0.24890278279781342
6135022,3287440,0.5186360478401184
6135022,4344399,0.18980301916599274
6135022,6244340,0.4268190562725067
6135022,6135509,0.2358042299747467
6135022,3909815,0.2357475310564041
6135022,6136159,0.13893650472164154
1947086,422273,0.47598156332969666
1947086,383778,0.10347427427768707
1947086,41953925,0.26580822467803955
1947086,3359271,0.07648197561502457
1947086,683693,0.4362965226173401
1947086,71095,0.21473191678524017
1947086,32241594,0.36784544587135315
1947086,2035580,0.26159587502479553
1947086,413562,0.0672394260764122
1947086,17947647,0.2308727204799652
724506,17789095,0.09598971158266068
724506,4245288,0.2862682342529297
724506,414247,0.6143893003463745
724506,57127724,0.8473926782608032
724506,214445,0.22348858416080475
724506,18783244,0.26099511981010437
724506,267087,0.1768030971288681
724506,1606773,0.2530142664909363
724506,414237,0.08452201634645462
724506,38644126,0.6245054602622986
4846076,923364,0.1851121485233307
4846076,739493,0.18707862496376038
4846076,8637868,0.29196903109550476
4846076,4846157,0.25840938091278076
4846076,683693,0.5075778961181641
4846076,1919472,0.15258203446865082
4846076,1831291,0.1724274754524231
4846076,3461205,0.1323755383491516
4846076,54651323,0.4098760485649109
4846076,43124222,0.4820697605609894
588981,632673,0.08518931269645691
588981,589087,0.1018705815076828
588981,590917,0.06428679823875427
588981,2581744,0.12088272720575333
588981,589044,0.07987154275178909
588981,589013,0.12669523060321808
588981,589077,0.13310718536376953
588981,589047,0.07404764741659164
588981,589148,0.4737620949745178
588981,44337919,0.13215135037899017
460902,31090499,0.4426548480987549
460902,460904,0.22642971575260162
460902,3844745,0.142299622297287
460902,31089451,0.8281263709068298
460902,31089783,0.4014887809753418
460902,9857722,0.12310690432786942
460902,31090298,0.6031818389892578
460902,11373339,0.2724507749080658
460902,31080414,0.6683087348937988
460902,31089599,0.617659330368042
4346338,49809474,0.38208234310150146
4346338,20936387,0.3532022535800934
4346338,418116,0.3398744761943817
4346338,62306539,0.09786344319581985
4346338,3244305,0.5408433079719543
4346338,474065,0.28796499967575073
4346338,5482003,0.3123149573802948
4346338,14413369,0.7431493997573853
4346338,5256733,0.19520002603530884
4346338,15243455,0.6726698875427246
86872,2325251,0.15616464614868164
86872,900484,0.3603169918060303
86872,29134085,0.13503573834896088
86872,1618666,0.2037334442138672
86872,362506,0.10036077350378036
86872,3571003,0.26783615350723267
86872,3583481,0.27765777707099915
86872,49230234,0.6369840502738953
86872,3156571,0.18065088987350464
86872,1046591,0.1885080486536026
4474226,40854848,0.34151574969291687
4474226,40672740,0.3998053967952728
4474226,38795918,0.425465852022171
4474226,34232599,0.2136242389678955
4474226,40672088,0.379741907119751
4474226,40561434,0.2925602197647095
4474226,40854843,0.6055862307548523
4474226,40854844,0.5844310522079468
4474226,40975194,0.2644752860069275
4474226,40223199,0.2746445834636688
1139674,36404905,0.11054832488298416
1139674,45466190,0.16645881533622742
1139674,44894287,0.2469344437122345
1139674,1139759,0.12642057240009308
1139674,1045615,0.279218465089798
1139674,31499252,0.27578288316726685
1139674,2613237,0.28981268405914307
1139674,30334838,0.08384286612272263
1139674,10062426,0.2367677539587021
1139674,25911098,0.3047219514846802
6656477,56087106,0.3630138039588928
6656477,23377831,0.3528701066970825
6656477,47667337,0.1228511855006218
6656477,1073869,0.6756511926651001
6656477,3198542,0.15371479094028473
6656477,40758709,0.23089540004730225
6656477,62523416,0.3347645699977875
6656477,2418745,0.7053889632225037
6656477,48153148,0.30453255772590637
6656477,51146366,0.16019289195537567
690557,63903841,0.20349517464637756
690557,1992679,0.17310556769371033
690557,17326667,0.1745263934135437
690557,18392176,0.2539898157119751
690557,40400245,0.38908934593200684
690557,7443413,0.16518078744411469
690557,721691,0.26944538950920105
690557,681500,0.45534151792526245
690557,693981,0.5159140825271606
690557,12274750,0.12701454758644104
506349,18212197,0.3447023332118988
506349,2121062,0.44862788915634155
506349,2993446,0.22237801551818848
506349,18212169,0.3557116687297821
506349,45466190,0.19386988878250122
506349,1577425,0.17089559137821198
506349,8258454,0.38981136679649353
506349,30334838,0.1322658807039261
506349,10062426,0.17838487029075623
506349,25911098,0.3560749888420105
715914,719843,0.24152876436710358
715914,8518215,0.2263825684785843
715914,42718056,0.44164204597473145
715914,24091625,0.11388719081878662
715914,42883047,0.455626904964447
715914,15253423,0.20524317026138306
715914,716276,0.3222644031047821
715914,15253461,0.060467615723609924
715914,13653399,0.7667778134346008
715914,15253437,0.24449771642684937
4206474,4181057,0.4858570396900177
4206474,4206465,0.27324172854423523
4206474,23122466,0.21816891431808472
4206474,2449959,0.28377440571784973
4206474,4496872,0.12633351981639862
4206474,68589256,0.17978955805301666
4206474,18895021,0.34374621510505676
4206474,7954806,0.11686155945062637
4206474,4206492,0.37928834557533264
4206474,8423422,0.2405066043138504
7701761,9780130,0.3821518123149872
7701761,19295747,0.6480616331100464
7701761,19295813,0.9396148324012756
7701761,19276392,0.7720937728881836
7701761,19295693,0.842433750629425
7701761,19274130,0.8565675616264343
7701761,19295859,0.9224960803985596
7701761,19273012,0.82284015417099
7701761,5791162,0.22310148179531097
7701761,11030971,0.41140511631965637
2307703,31071520,0.47526663541793823
2307703,30672736,0.8243645429611206
2307703,2326722,0.1229032650589943
2307703,2445730,0.36576777696609497
2307703,31276455,0.36714258790016174
2307703,460904,0.18785016238689423
2307703,2445711,0.27241891622543335
2307703,31077552,0.33917322754859924
2307703,31080414,0.31005263328552246
2307703,30724414,0.882766604423523
950891,22216001,0.07335294038057327
950891,960289,0.35144853591918945
950891,957799,0.06798550486564636
950891,1496105,0.3833828866481781
950891,950954,0.165117084980011
950891,22951244,0.1740223467350006
950891,25790030,0.11562751978635788
950891,1210417,0.141746386885643
950891,12867732,0.1021742895245552
950891,951064,0.09641016274690628
2397932,55734560,0.0
2397932,2399393,0.0
2397932,9534209,0.0
2397932,55735530,0.0
2397932,56812945,0.0
2397932,55735314,0.0
2397932,55735061,0.0
2397932,2399382,0.0
2397932,55751384,0.0
2397932,2370554,0.0
5019081,6065859,0.2258906364440918
5019081,6042053,0.2940130829811096
5019081,2985701,0.16574838757514954
5019081,4938567,0.1258121281862259
5019081,8196521,0.5443028807640076
5019081,3825811,0.19475221633911133
5019081,2452371,0.32487809658050537
5019081,56063766,0.2570084035396576
5019081,5005401,0.1710042655467987
5019081,52959323,0.1215260773897171
2298723,62568131,0.15160730481147766
2298723,14505668,0.26873713731765747
2298723,36181737,0.19420810043811798
2298723,5373135,0.17314712703227997
2298723,16453681,0.18804039061069489
2298723,14588789,0.2310764491558075
2298723,68916821,0.12133961915969849
2298723,2016700,0.28897297382354736
2298723,66511932,0.20619793236255646
2298723,14671294,0.1774939000606537
1383391,1383392,0.09171312302350998
1383391,1382561,0.11546853184700012
1383391,1569124,0.0902072861790657
1383391,1382022,0.19924621284008026
1383391,1386347,0.1675061136484146
1383391,1392716,0.11134038865566254
1383391,1375627,0.08161180466413498
1383391,1393005,0.31704574823379517
1383391,1882546,0.07034041732549667
1383391,1881847,0.20365190505981445
569140,791296,0.15363404154777527
569140,6273570,0.15155833959579468
569140,791171,0.19270572066307068
569140,791188,0.27860796451568604
569140,1028724,0.23590219020843506
569140,791157,0.09991976618766785
569140,791224,0.10439694672822952
569140,28855289,0.17711137235164642
569140,791290,0.13266949355602264
569140,791166,0.3404178321361542
461032,2326722,0.10323318839073181
461032,30724483,0.38829857110977173
461032,1806179,0.6020072102546692
461032,58792009,0.2860948145389557
461032,461105,0.14314204454421997
461032,1537684,0.429507315158844
461032,9857722,0.6969757080078125
461032,460890,0.38369596004486084
461032,11373339,0.3230800926685333
461032,302623,0.16927215456962585
7761657,58482081,0.4433284103870392
7761657,58482118,0.6656731367111206
7761657,58481830,0.6321383118629456
7761657,58481583,0.46655353903770447
7761657,58474191,0.35976943373680115
7761657,58474932,0.50164794921875
7761657,58485242,0.3990350365638733
7761657,58475519,0.658232569694519
7761657,58481980,0.5711482167243958
7761657,58495903,0.32608354091644287
62636941,62636993,0.649770200252533
62636941,62636962,0.42980122566223145
62636941,62636965,0.18181560933589935
62636941,62636999,0.5923047065734863
62636941,62637008,0.48887956142425537
62636941,62886291,0.7482531070709229
62636941,55448791,0.3603994846343994
62636941,62636984,0.29784277081489563
62636941,55299257,0.5507380366325378
62636941,62636958,0.6105614304542542
791181,791267,0.7068405747413635
791181,16989639,0.1306520402431488
791181,791211,0.2788212299346924
791181,4298930,0.10167450457811356
791181,9577010,0.07559502869844437
791181,791188,0.19049730896949768
791181,791157,0.09063815325498581
791181,569140,0.3374089300632477
791181,791224,0.09173567593097687
791181,791290,0.14342348277568817
589047,632673,0.07913549989461899
589047,589087,0.0705212950706482
589047,590917,0.07109318673610687
589047,590921,0.08859359472990036
589047,2581744,0.08413612842559814
589047,589044,0.06234002113342285
589047,589013,0.09724820405244827
589047,589077,0.15829019248485565
589047,589148,0.44215044379234314
589047,44337919,0.04355547949671745
2119302,1846690,0.11300720274448395
2119302,66632963,0.18121856451034546
2119302,15576575,0.07743743807077408
2119302,33269901,0.11838684231042862
2119302,68104111,0.17710119485855103
2119302,66619826,0.514137327671051
2119302,31486009,0.2236710786819458
2119302,55448507,0.32310304045677185
2119302,38829151,0.2668458819389343
2119302,4321151,0.20932798087596893
7898941,7887814,0.4940316677093506
7898941,7034727,0.7922663688659668
7898941,4226858,0.1434522271156311
7898941,7429421,0.6190882325172424
7898941,7936718,0.41077131032943726
7898941,7901042,0.8693071007728577
7898941,7919378,0.8656286597251892
7898941,6753975,0.23200389742851257
7898941,4390874,0.25682276487350464
7898941,34827711,0.2736659646034241
791153,11494114,0.17824310064315796
791153,791267,0.7297797203063965
791153,791144,0.14731864631175995
791153,791211,0.20910942554473877
791153,791249,0.41388988494873047
791153,4298930,0.13655662536621094
791153,11778295,0.1424586921930313
791153,791224,0.09037575870752335
791153,791353,0.12267205864191055
791153,791290,0.14384721219539642
8318491,4829125,0.17809389531612396
8318491,4116454,0.18699999153614044
8318491,25849928,0.2712559700012207
8318491,4182026,0.519896388053894
8318491,4182027,0.26499420404434204
8318491,8318223,0.2260405421257019
8318491,4105841,0.12690234184265137
8318491,8318386,0.17959149181842804
8318491,8318325,0.40253517031669617
8318491,8318424,0.15356425940990448
2419729,1873544,0.05177299678325653
2419729,6240460,0.3196268677711487
2419729,13005069,0.355742871761322
2419729,40887532,0.40247926115989685
2419729,40864175,0.051953766494989395
2419729,21633561,0.23045964539051056
2419729,2419731,0.06646797806024551
2419729,2419736,0.07505512982606888
2419729,63374425,0.056847959756851196
2419729,2419772,0.06051885709166527
8318223,4050050,0.4778295159339905
8318223,4829125,0.20360204577445984
8318223,4337893,0.08101075142621994
8318223,64012300,0.07473931461572647
8318223,52727181,0.25358664989471436
8318223,8318386,0.1844799816608429
8318223,8318325,0.4380861520767212
8318223,7609943,0.31062671542167664
8318223,8318424,0.21227368712425232
8318223,8318491,0.20370075106620789
1323117,16146593,0.17231525480747223
1323117,10210626,0.1476162075996399
1323117,36181737,0.3033870458602905
1323117,34935785,0.12713932991027832
1323117,1658383,0.16834163665771484
1323117,8133845,0.2491542249917984
1323117,48251894,0.08922037482261658
1323117,15685400,0.15043899416923523
1323117,9640698,0.20821458101272583
1323117,46248120,0.18764564394950867
1383392,10112448,0.1914115995168686
1383392,1382561,0.10635627806186676
1383392,1569124,0.06598842144012451
1383392,118564,0.1357625275850296
1383392,1382022,0.1144442930817604
1383392,1386347,0.19028618931770325
1383392,1392716,0.12065603584051132
1383392,1882546,0.07271148264408112
1383392,1881847,0.10902862250804901
1383392,1383391,0.3407571613788605
3941690,63413474,0.5704392194747925
3941690,24899303,0.3217442035675049
3941690,32659466,0.28357723355293274
3941690,9579117,0.19291971623897552
3941690,4139951,0.3104189336299896
3941690,5892752,0.15830279886722565
3941690,44293264,0.5377020239830017
3941690,61741397,0.38834184408187866
3941690,9653782,0.29626360535621643
3941690,3899542,0.0986810028553009
2222461,19134787,0.2528465986251831
2222461,1702724,0.3248233497142792
2222461,60690601,0.19843928515911102
2222461,19134797,0.5572085380554199
2222461,19135887,0.40078720450401306
2222461,906643,0.15764766931533813
2222461,5809268,0.1399875283241272
2222461,20670708,0.466906875371933
2222461,60699927,0.42437782883644104
2222461,20015866,0.5838901996612549
2445711,31089505,0.5892364382743835
2445711,2445730,0.3050026297569275
2445711,30724483,0.5357416272163391
2445711,460902,0.5257500410079956
2445711,31089451,0.5029683113098145
2445711,2445715,0.20484112203121185
2445711,6184787,0.27324792742729187
2445711,31090298,0.3428604304790497
2445711,31080414,0.3211156725883484
2445711,31089599,0.40346965193748474
7350274,20946560,0.6031488180160522
7350274,24443496,0.14665129780769348
7350274,7350281,0.5470786094665527
7350274,7350217,0.5680069923400879
7350274,32755499,0.6285279393196106
7350274,35994697,0.41575878858566284
7350274,32629019,0.2681629955768585
7350274,35994903,0.47137731313705444
7350274,32637307,0.7924332022666931
7350274,32755550,0.6327162384986877
2419731,63374425,0.059870388358831406
2419731,3175778,0.1421952098608017
2419731,1873544,0.08236289024353027
2419731,6240460,0.32128164172172546
2419731,13005069,0.3510105609893799
2419731,2419772,0.08309758454561234
2419731,40864175,0.0894821286201477
2419731,63374168,0.35674387216567993
2419731,2419736,0.18233565986156464
2419731,2419740,0.3259253203868866
3175778,63374425,0.05846226587891579
3175778,1873544,0.07719509303569794
3175778,6240460,0.2960811257362366
3175778,13005069,0.379578173160553
3175778,2419772,0.06785424798727036
3175778,40864175,0.07675225287675858
3175778,2419731,0.07829403877258301
3175778,63374168,0.2772103250026703
3175778,2419736,0.10403140634298325
3175778,2419740,0.13656049966812134
21424597,21424416,0.29213711619377136
21424597,18491491,0.2962106168270111
21424597,21381859,0.29688960313796997
21424597,21440551,0.19642820954322815
21424597,20951081,0.273064523935318
21424597,21440427,0.30000948905944824
21424597,21254356,0.3593897521495819
21424597,21254580,0.38039103150367737
21424597,21424473,0.5659918189048767
21424597,21424670,0.24538370966911316
32876385,23455456,0.19387967884540558
32876385,40292516,0.4147123098373413
32876385,40327237,0.6834036707878113
32876385,32857222,0.2986312508583069
32876385,23445318,0.3014569580554962
32876385,40325903,0.22148635983467102
32876385,40697939,0.2585681080818176
32876385,32878836,0.21048858761787415
32876385,40448179,0.2747160494327545
32876385,40292566,0.4640621840953827
12783597,11730273,0.7031694650650024
12783597,1839363,0.24847514927387238
12783597,36385411,0.17780543863773346
12783597,69807046,0.16316427290439606
12783597,36382794,0.11273541301488876
12783597,36382572,0.18705208599567413
12783597,36402612,0.19910314679145813
12783597,36385366,0.18985627591609955
12783597,9784151,0.1459631472826004
12783597,36382807,0.1130487322807312
28469555,2067936,0.219838947057724
28469555,1498695,0.656498908996582
28469555,3147626,0.4410419464111328
28469555,6373962,0.9261965751647949
28469555,9765614,0.731381356716156
28469555,8608017,0.5409194827079773
28469555,8980979,0.6884353756904602
28469555,1984573,0.3845597803592682
28469555,28992572,0.32217293977737427
28469555,1602717,0.8545992970466614
20690689,20675201,0.25105011463165283
20690689,20690722,0.35841214656829834
20690689,20875748,0.5177868008613586
20690689,20860614,0.4768432378768921
20690689,20690696,0.10731115937232971
20690689,20604553,0.8448288440704346
20690689,20674793,0.3244194984436035
20690689,20690717,0.2644568681716919
20690689,20619325,0.6683107614517212
20690689,20875839,0.41203469038009644
32659436,32659424,0.4884378910064697
32659436,32659456,0.5761127471923828
32659436,32659464,0.5302812457084656
32659436,32659466,0.5507825016975403
32659436,32659468,0.6394902467727661
32659436,5405553,0.49473363161087036
32659436,32659474,0.7281520962715149
32659436,32659477,0.6769535541534424
32659436,32659453,0.5592260360717773
32659436,32659454,0.5397265553474426
12367938,20736288,0.31401869654655457
12367938,56157732,0.4155924916267395
12367938,19168553,0.2876584231853485
12367938,3097643,0.5482577681541443
12367938,15519981,0.20811781287193298
12367938,6217294,0.2317533940076828
12367938,14908815,0.18431903421878815
12367938,9014006,0.7620798349380493
12367938,3115000,0.12653414905071259
12367938,24764123,0.7127419114112854
18180717,20902541,0.31335389614105225
18180717,18272303,0.32111191749572754
18180717,20923473,0.26373547315597534
18180717,20925363,0.28863486647605896
18180717,18180788,0.272978812456131
18180717,18269812,0.21941611170768738
18180717,20923224,0.24448375403881073
18180717,20923516,0.23422423005104065
18180717,20923549,0.28592854738235474
18180717,20923262,0.3232467472553253
22769850,24067776,0.5837419629096985
22769850,15994950,0.27693840861320496
22769850,1726189,0.5209510326385498
22769850,13008207,0.6535320281982422
22769850,28867506,0.21221715211868286
22769850,9265140,0.31521177291870117
22769850,31996789,0.2683340013027191
22769850,11917078,0.6577017307281494
22769850,9173593,0.1296408623456955
22769850,23242943,0.368670791387558
11890091,21103527,0.224065363407135
11890091,3662153,0.13760459423065186
11890091,15690249,0.23333393037319183
11890091,14883435,0.29064321517944336
11890091,26221163,0.31819650530815125
11890091,1787725,0.1609824150800705
11890091,3505843,0.1369200199842453
11890091,340535,0.47856444120407104
11890091,2272411,0.23232437670230865
11890091,3092252,0.12318149954080582
14518938,1413090,0.46347853541374207
14518938,16364729,0.09028525650501251
14518938,8348077,0.18370936810970306
14518938,5292818,0.26327070593833923
14518938,21391378,0.546576738357544
14518938,12609523,0.1918528825044632
14518938,18413305,0.30086749792099
14518938,3895835,0.3872454762458801
14518938,21000253,0.2597160339355469
14518938,68113567,0.533978283405304
24285393,26500705,0.37798818945884705
24285393,5193355,0.24757708609104156
24285393,49987405,0.4507341980934143
24285393,20417967,0.3142796754837036
24285393,27986191,0.22865845263004303
24285393,19987574,0.32883891463279724
24285393,47566266,0.43248623609542847
24285393,16260765,0.38355720043182373
24285393,11885886,0.41341477632522583
24285393,41383679,0.42986446619033813
23398599,467875,0.30660319328308105
23398599,15822342,0.3064303398132324
23398599,58097959,0.20178769528865814
23398599,6864049,0.18367183208465576
23398599,38637843,0.4864726960659027
23398599,21492915,0.19813182950019836
23398599,28989907,0.2835427224636078
23398599,28903033,0.299606591463089
23398599,61872027,0.17278341948986053
23398599,20611325,0.14178107678890228
24688126,24687972,0.7668251991271973
24688126,24686693,0.528934121131897
24688126,24687525,0.5940582156181335
24688126,24686726,0.9466568827629089
24688126,24688136,0.35494154691696167
24688126,24686916,0.25618746876716614
24688126,24688110,0.8995941281318665
24688126,24687375,0.8296409249305725
24688126,24687991,0.7628323435783386
24688126,24687486,0.8630013465881348
13872613,3189313,0.2657929062843323
13872613,650788,0.12369056046009064
13872613,67249028,0.19261957705020905
13872613,69267850,0.25112682580947876
13872613,8126411,0.08671946823596954
13872613,13724652,0.12888768315315247
13872613,11181903,0.12470417469739914
13872613,13879674,0.37219831347465515
13872613,40182334,0.07724747061729431
13872613,57039743,0.20680078864097595
10420454,40348354,0.25971806049346924
10420454,10420677,0.757823646068573
10420454,10420362,0.5478261709213257
10420454,42004427,0.6548603177070618
10420454,40174733,0.40482866764068604
10420454,12592529,0.37723445892333984
10420454,39354772,0.5499716401100159
10420454,10419768,0.5259211659431458
10420454,13296027,0.3096018433570862
10420454,27222527,0.2755318582057953
30232307,863105,0.18339353799819946
30232307,4104514,0.23116935789585114
30232307,68395620,0.15736086666584015
30232307,14317160,0.22289742529392242
30232307,633421,0.22578105330467224
30232307,24457037,0.2551076412200928
30232307,10731853,0.4954739212989807
30232307,38190640,0.19798754155635834
30232307,31346930,0.18489710986614227
30232307,2544051,0.26703861355781555
24664395,24686916,0.3874722421169281
24664395,24686693,0.5142127871513367
24664395,24687525,0.572352945804596
24664395,24687143,0.836401641368866
24664395,24688046,0.8306370377540588
24664395,24687479,0.8845659494400024
24664395,24686747,0.7735498547554016
24664395,24686684,0.9650269150733948
24664395,24687965,0.8163675665855408
24664395,24687991,0.7340356707572937
10271212,19611456,0.5728144645690918
10271212,47183041,0.24321335554122925
10271212,39317286,0.12543265521526337
10271212,41234151,0.4774554371833801
10271212,3649678,0.19194698333740234
10271212,5809999,0.16255970299243927
10271212,6226354,0.2568410038948059
10271212,40654973,0.12253276258707047
10271212,1139389,0.1919536292552948
10271212,3910175,0.19046321511268616
10339070,30775660,0.3768330514431
10339070,1245264,0.16809505224227905
10339070,1918642,0.11705522239208221
10339070,16227993,0.1079477071762085
10339070,63850548,0.23607400059700012
10339070,19206681,0.11168418079614639
10339070,40340538,0.33985307812690735
10339070,3014139,0.13526949286460876
10339070,6531517,0.30907872319221497
10339070,64469723,0.20627622306346893
11777222,12260064,0.5888678431510925
11777222,11794471,0.33978793025016785
11777222,674090,0.2582170367240906
11777222,14594987,0.3655577600002289
11777222,12259946,0.697682797908783
11777222,12259542,0.5356350541114807
11777222,12260089,0.44126060605049133
11777222,16088570,0.32153546810150146
11777222,14595003,0.5343223214149475
11777222,13704030,0.17438127100467682
31080414,31089888,0.39762014150619507
31080414,31089505,0.486998587846756
31080414,3362081,0.7837437391281128
31080414,460902,0.5420750975608826
31080414,31089451,0.6717782616615295
31080414,30724463,0.8369925618171692
31080414,31077552,0.3797842562198639
31080414,31089783,0.7140447497367859
31080414,31090298,0.31301459670066833
31080414,31089599,0.3103785216808319
10843017,29653568,0.10373680293560028
10843017,58241218,0.22152863442897797
10843017,13616516,0.5220826268196106
10843017,4700377,0.21331019699573517
10843017,51127878,0.11022241413593292
10843017,15255116,0.3755231499671936
10843017,1923281,0.25257015228271484
10843017,29154354,0.34729811549186707
10843017,3708820,0.19231832027435303
10843017,362649,0.15247191488742828
16988490,17012196,0.3005889356136322
16988490,5857551,0.3942458927631378
16988490,17012591,0.30167892575263977
16988490,22789012,0.3175889551639557
16988490,17928117,0.30704960227012634
16988490,25521975,0.1362105906009674
16988490,19049048,0.25197505950927734
16988490,23790617,0.19841647148132324
16988490,38145213,0.3673091232776642
16988490,6066206,0.24369394779205322
33399055,37238850,0.7332562804222107
33399055,37262981,0.8673410415649414
33399055,37264683,0.9382662177085876
33399055,37218446,0.9289800524711609
33399055,37262671,0.919308066368103
33399055,37262931,0.8997654914855957
33399055,37262644,0.9134787917137146
33399055,37262838,0.8077595233917236
33399055,37264599,0.8536632061004639
33399055,37238841,0.6940512657165527
11373339,30672736,0.9098126292228699
11373339,30724451,0.8080213069915771
11373339,30724483,0.44642865657806396
11373339,460902,0.40976881980895996
11373339,460904,0.12056577205657959
11373339,460907,0.21062913537025452
11373339,2445644,0.17552916705608368
11373339,461105,0.11900445818901062
11373339,9857722,0.3324614465236664
11373339,460890,0.2708347737789154
26424028,36617028,0.8321938514709473
26424028,36616805,0.9074490666389465
26424028,33823691,0.5482877492904663
26424028,7350253,0.17929553985595703
26424028,36616634,0.8871723413467407
26424028,36617014,0.8132444024085999
26424028,33823705,0.4539499878883362
26424028,36617338,0.8218755125999451
26424028,32696188,0.5787749290466309
26424028,1152703,0.19461321830749512
20738533,4747170,0.3144490718841553
20738533,28729928,0.2555476427078247
20738533,4746794,0.38033872842788696
20738533,3884044,0.3902944028377533
20738533,4747215,0.28478139638900757
20738533,4747024,0.2798173725605011
20738533,3977812,0.2238435447216034
20738533,20814326,0.14711108803749084
20738533,4746970,0.12626469135284424
20738533,10671517,0.17968077957630157
15430027,21351874,0.3437713086605072
15430027,1260131,0.09606998413801193
15430027,1582533,0.06832364946603775
15430027,10683822,0.3422352373600006
15430027,3581136,0.25479400157928467
15430027,3116884,0.34513142704963684
15430027,2369974,0.13518266379833221
15430027,58995831,0.3827870488166809
15430027,60403388,0.5877408981323242
15430027,12034623,0.5750550627708435
30724463,30672736,0.7784758806228638
30724463,30724451,0.8854885101318359
30724463,3834275,0.36164236068725586
30724463,31089451,0.5098639726638794
30724463,3834323,0.26759564876556396
30724463,31080414,0.301761656999588
30724463,30724473,0.5403655767440796
30724463,31090298,0.23082199692726135
30724463,30724414,0.8821844458580017
30724463,31089599,0.3411559760570526
13697365,35553058,0.28695136308670044
13697365,35568234,0.15143108367919922
13697365,33608588,0.18446016311645508
13697365,35554798,0.12264900654554367
13697365,35553680,0.22405609488487244
13697365,35554416,0.23249569535255432
13697365,35553713,0.22909100353717804
13697365,13700915,0.25732681155204773
13697365,35553433,0.24763761460781097
13697365,35554431,0.20386020839214325
18183042,100704,0.06439998745918274
18183042,46863842,0.13032904267311096
18183042,33180836,0.08947388082742691
18183042,49297574,0.1825328916311264
18183042,34140040,0.4919432997703552
18183042,36181737,0.16301769018173218
18183042,29366058,0.18600475788116455
18183042,29506071,0.2186444103717804
18183042,46248120,0.16794325411319733
18183042,26637147,0.17551442980766296
15131800,30992807,0.3466489017009735
15131800,24387784,0.4766955077648163
15131800,27742186,0.4928930699825287
15131800,27742090,0.3650376498699188
15131800,27742158,0.188534677028656
15131800,49964590,0.37503767013549805
15131800,66258993,0.23736770451068878
15131800,52435963,0.5272712111473083
15131800,48571132,0.33414748311042786
15131800,27744030,0.4147743582725525
15459948,32311433,0.4512004554271698
15459948,44344618,0.15725553035736084
15459948,22535881,0.17408396303653717
15459948,26200143,0.22245268523693085
15459948,55001263,0.28854796290397644
15459948,62227,0.29303887486457825
15459948,417011,0.2509644329547882
15459948,9950745,0.20848868787288666
15459948,9106970,0.2953539788722992
15459948,24794172,0.4556054472923279
17839068,27829568,0.1375872641801834
17839068,4558689,0.15979182720184326
17839068,4367340,0.2344151884317398
17839068,1020078,0.36017102003097534
17839068,52516206,0.17656643688678741
17839068,11083118,0.07809320092201233
17839068,35251215,0.4088026285171509
17839068,40797848,0.18437433242797852
17839068,67768603,0.16153013706207275
17839068,2393503,0.3803352117538452
26130579,7669213,0.1610720157623291
26130579,2744035,0.12628419697284698
26130579,9306951,0.16941110789775848
26130579,44364682,0.29842889308929443
26130579,46466731,0.6095266938209534
26130579,62223,0.17099454998970032
26130579,53951346,0.3759633004665375
26130579,54989143,0.48822101950645447
26130579,39538043,0.10928206890821457
26130579,40654973,0.09344170242547989
27509810,11915585,0.4241924285888672
27509810,11917955,0.2963956892490387
27509810,33809832,0.20613057911396027
27509810,24884489,0.5418980121612549
27509810,3925427,0.3781656324863434
27509810,64032439,0.2454545497894287
27509810,11978202,0.1938578486442566
27509810,4049179,0.36012527346611023
27509810,24498813,0.1793670654296875
27509810,7934335,0.09316135197877884
23179157,732450,0.16367879509925842
23179157,732485,0.1901227831840515
23179157,892519,0.22814658284187317
23179157,12648104,0.24725815653800964
23179157,22534825,0.17211687564849854
23179157,6702827,0.219004288315773
23179157,11473905,0.120773084461689
23179157,44618005,0.1764182299375534
23179157,28087353,0.4639391303062439
23179157,61726844,0.13394658267498016
29385787,2556608,0.23469465970993042
29385787,1702759,0.17498250305652618
29385787,1119495,0.16870300471782684
29385787,14937072,0.15940849483013153
29385787,63907281,0.11251939833164215
29385787,4461906,0.22674719989299774
29385787,906643,0.17194417119026184
29385787,13770550,0.31354233622550964
29385787,2849655,0.06245630607008934
29385787,2173945,0.12606161832809448
30724414,30672736,0.8153460621833801
30724414,1680002,0.3812727928161621
30724414,30724451,0.855070948600769
30724414,1670531,0.38891929388046265
30724414,3834275,0.3463417589664459
30724414,1691855,0.4325826168060303
30724414,30724463,0.8438586592674255
30724414,1510225,0.8239421248435974
30724414,30724473,0.5206277370452881
30724414,1776316,0.5140849947929382
38445554,35629603,0.5693648457527161
38445554,35233003,0.8511701822280884
38445554,40734700,0.5355775952339172
38445554,35156047,0.3379055857658386
38445554,38445586,0.6615267992019653
38445554,40670742,0.17383278906345367
38445554,18877563,0.24625180661678314
38445554,36214204,0.3613370358943939
38445554,38310717,0.27165642380714417
38445554,35338335,0.7596718668937683
34402278,34270692,0.5696178674697876
34402278,40289988,0.5447341203689575
34402278,34402058,0.2973904311656952
34402278,34402347,0.36257898807525635
34402278,34402316,0.45707589387893677
34402278,34402161,0.3348537087440491
34402278,34402517,0.46478936076164246
34402278,34402366,0.3003326654434204
34402278,34592409,0.4570833742618561
34402278,34402302,0.5361924767494202
37009944,36998240,0.36898595094680786
37009944,37016778,0.1756267249584198
37009944,37010058,0.28486722707748413
37009944,37010284,0.22797001898288727
37009944,25050317,0.26410365104675293
37009944,37010162,0.18945541977882385
37009944,37010708,0.18121826648712158
37009944,37016535,0.37935498356819153
37009944,33391486,0.36313387751579285
37009944,35979583,0.23326297104358673
37581793,60212027,0.3260743319988251
37581793,39985476,0.23234650492668152
37581793,40162278,0.2700607180595398
37581793,39906824,0.2382344752550125
37581793,37064616,0.36418524384498596
37581793,37624266,0.3446292281150818
37581793,40053039,0.24107688665390015
37581793,38253653,0.1513635367155075
37581793,40052186,0.27086520195007324
37581793,37555355,0.1813771277666092
42505529,42942473,0.37511157989501953
42505529,143913,0.16460728645324707
42505529,42516811,0.2413785755634308
42505529,3794749,0.2682332396507263
42505529,26263024,0.19418169558048248
42505529,42505586,0.4680113196372986
42505529,42505558,0.6593920588493347
42505529,3468985,0.6386367082595825
42505529,32508219,0.22949166595935822
42505529,8983837,0.11406807601451874
36426167,19305666,0.7686406970024109
36426167,4800262,0.15596920251846313
36426167,4380008,0.23417307436466217
36426167,10158505,0.12923812866210938
36426167,4815467,0.5053560137748718
36426167,44214061,0.1239483505487442
36426167,67219542,0.6272679567337036
36426167,40886778,0.1017838567495346
36426167,13294269,0.16460300981998444
36426167,4799998,0.14842815697193146
35016834,61233414,0.6906911730766296
35016834,61747402,0.45672374963760376
35016834,69394830,0.2834264039993286
35016834,69231538,0.3160049021244049
35016834,64060149,0.7354642152786255
35016834,63964182,0.7349660992622375
35016834,61233752,0.49568986892700195
35016834,61213631,0.6160063147544861
35016834,68868574,0.31932246685028076
35016834,61068504,0.670246422290802
40348354,39416417,0.21416456997394562
40348354,49191492,0.6755887269973755
40348354,37858372,0.24093905091285706
40348354,10420454,0.3709249794483185
40348354,11026603,0.27602285146713257
40348354,39431180,0.45408177375793457
40348354,40174733,0.19316993653774261
40348354,12936910,0.23608632385730743
40348354,12592529,0.3962564170360565
40348354,13296027,0.42883050441741943
34936718,25558053,0.7835487127304077
34936718,5117287,0.13849562406539917
34936718,3875210,0.3973454535007477
34936718,20745034,0.38431060314178467
34936718,44649742,0.28234297037124634
34936718,1579603,0.3712403476238251
34936718,24896947,0.11770939081907272
34936718,1058134,0.13537509739398956
34936718,22064087,0.1948164403438568
34936718,3039547,0.3153904378414154
39416963,30758304,0.31621575355529785
39416963,39416417,0.6295687556266785
39416963,26081604,0.0877678394317627
39416963,4496360,0.1309235543012619
39416963,61337385,0.07672189921140671
39416963,48515502,0.32185959815979004
39416963,31372019,0.205463245511055
39416963,6866040,0.1036144271492958
39416963,12951321,0.35231921076774597
39416963,66511932,0.19394974410533905
39926611,39904256,0.8326936364173889
39926611,33003618,0.5987064838409424
39926611,39936354,0.20004341006278992
39926611,33002213,0.49227190017700195
39926611,40045002,0.20675213634967804
39926611,33001708,0.7906457781791687
39926611,39983922,0.29375556111335754
39926611,40160053,0.1927289366722107
39926611,39946812,0.34012463688850403
39926611,39983837,0.48659655451774597
47642505,27742090,0.31697043776512146
47642505,27742186,0.618336021900177
47642505,49964590,0.2555299401283264
47642505,42370446,0.3683115541934967
47642505,27742158,0.36447861790657043
47642505,47630807,0.8063644170761108
47642505,52435963,0.44335609674453735
47642505,48571132,0.23477044701576233
47642505,40656861,0.5569378137588501
47642505,27744030,0.27928051352500916
40349320,37021092,0.4397851824760437
40349320,44349381,0.2227281779050827
40349320,25566056,0.395157128572464
40349320,32311433,0.24637703597545624
40349320,22535881,0.1360260397195816
40349320,46691762,0.7943615317344666
40349320,8751253,0.08184035867452621
40349320,36468662,0.1994120329618454
40349320,37182811,0.2525407671928406
40349320,37182751,0.13751284778118134
45073672,67157440,0.2388826459646225
45073672,53030273,0.23382440209388733
45073672,20553891,0.6170141100883484
45073672,65625828,0.39065369963645935
45073672,63325347,0.6564366221427917
45073672,2634311,0.2784613072872162
45073672,674090,0.42794615030288696
45073672,1407764,0.15211352705955505
45073672,56732858,0.818901777267456
45073672,8140797,0.46161219477653503
49438140,25003074,0.2743680477142334
49438140,65227235,0.5629836916923523
49438140,12514149,0.2972443997859955
49438140,21153447,0.18897941708564758
49438140,39807819,0.30395299196243286
49438140,11800685,0.24119319021701813
49438140,35960622,0.09761827439069748
49438140,44649742,0.22881999611854553
49438140,61582874,0.6257658004760742
49438140,25113980,0.16122247278690338
36855788,36845697,0.400295615196228
36855788,36855687,0.29021474719047546
36855788,36855911,0.31191349029541016
36855788,36845063,0.2153443992137909
36855788,36855883,0.23890730738639832
36855788,36855729,0.19767750799655914
36855788,36855666,0.27520492672920227
36855788,36855800,0.26344770193099976
36855788,36855772,0.3181069791316986
36855788,36846143,0.23016494512557983
48251894,100704,0.06562379002571106
48251894,28895136,0.10443804413080215
48251894,26645032,0.3601949214935303
48251894,29366058,0.18801699578762054
48251894,17216562,0.3409798741340637
48251894,49355957,0.10385502874851227
48251894,29506071,0.19317802786827087
48251894,15685400,0.1769523024559021
48251894,9640698,0.2551257610321045
48251894,46248120,0.17501339316368103
37423534,37432418,0.8321447968482971
37423534,37423620,0.8674380779266357
37423534,37423557,0.8633197546005249
37423534,37432358,0.8282206654548645
37423534,37432425,0.8571366667747498
37423534,37432401,0.48408111929893494
37423534,33410994,0.6690314412117004
37423534,37415350,0.8482054471969604
37423534,37432345,0.8669527769088745
37423534,37432351,0.8517470359802246
51999816,51995589,0.08704984933137894
51999816,51999849,0.20774750411510468
51999816,55639567,0.27300363779067993
51999816,51999695,0.1505928635597229
51999816,51999763,0.14430184662342072
51999816,51999828,0.2047761082649231
51999816,51976694,0.06051192060112953
51999816,51999734,0.247756227850914
51999816,55672764,0.08361344784498215
51999816,51999614,0.06129402667284012
44383513,1881891,0.19919677078723907
44383513,44334731,0.464596688747406
44383513,44292142,0.4047914147377014
44383513,44345455,0.27407535910606384
44383513,44353744,0.2098376750946045
44383513,44382735,0.18718761205673218
44383513,44377277,0.17869317531585693
44383513,44312505,0.2780495285987854
44383513,979580,0.17700475454330444
44383513,44359901,0.2498881220817566
50734381,8066245,0.11249470710754395
50734381,5480965,0.15291526913642883
50734381,62399717,0.1802985966205597
50734381,32605578,0.2024773806333542
50734381,62342156,0.08253585547208786
50734381,40613519,0.6159344911575317
50734381,5892752,0.250791996717453
50734381,8160466,0.14889267086982727
50734381,68231860,0.1601557433605194
50734381,68248030,0.2149943858385086
44956057,44997280,0.45472395420074463
44956057,43337122,0.4134611487388611
44956057,2405136,0.5909602642059326
44956057,716276,0.27512139081954956
44956057,18600180,0.2561182677745819
44956057,24112052,0.14152489602565765
44956057,18044951,0.38194480538368225
44956057,23611412,0.3147651255130768
44956057,1446458,0.2052246779203415
44956057,18129692,0.24584682285785675
37504906,16034432,0.15369045734405518
37504906,53027393,0.24259519577026367
37504906,32665664,0.07391383498907089
37504906,11914531,0.40197163820266724
37504906,2810116,0.10308776795864105
37504906,66277317,0.08409848064184189
37504906,36916393,0.19594275951385498
37504906,19563691,0.39855319261550903
37504906,31464718,0.4559614062309265
37504906,33906198,0.7091675400733948
41754885,43866401,0.11649782210588455
41754885,41812326,0.07673477381467819
41754885,41858182,0.11206179112195969
41754885,43764232,0.04955407977104187
41754885,41811371,0.08431266248226166
41754885,41749262,0.19846111536026
41754885,41884848,0.2183321714401245
41754885,43727189,0.07268844544887543
41754885,41886970,0.25338995456695557
41754885,41810078,0.07754618674516678
47329029,739493,0.14809978008270264
47329029,2695207,0.09927442669868469
47329029,37848392,0.4745316803455353
47329029,55209,0.10591887682676315
47329029,55211,0.30152037739753723
47329029,3546923,0.35525545477867126
47329029,10505464,0.16796213388442993
47329029,62905,0.09399332106113434
47329029,5369374,0.23439408838748932
47329029,5157631,0.29455065727233887
39629790,6990113,0.16273267567157745
39629790,43966403,0.18625183403491974
39629790,58246920,0.2525775730609894
39629790,1785482,0.18024970591068268
39629790,4914091,0.2531108260154724
39629790,46710863,0.25836119055747986
39629790,7500116,0.1643257439136505
39629790,12424347,0.2578299045562744
39629790,1785436,0.15400470793247223
39629790,7485373,0.3309273421764374
51807646,53030273,0.19945979118347168
51807646,141828,0.20477934181690216
51807646,12685031,0.30116215348243713
51807646,35734668,0.11535056680440903
51807646,52727181,0.3027627766132355
51807646,25323086,0.4934069514274597
51807646,3594512,0.1175498366355896
51807646,29179634,0.1864018440246582
51807646,2029587,0.19402074813842773
51807646,8140797,0.3553426265716553
41008669,52090883,0.5947731137275696
41008669,271269,0.14083227515220642
41008669,28671504,0.2980533838272095
41008669,21421553,0.35138198733329773
41008669,40400245,0.5254908204078674
41008669,3709430,0.29296809434890747
41008669,16364729,0.12798883020877838
41008669,2211034,0.3284108340740204
41008669,54651323,0.06859774142503738
41008669,1950942,0.08440180867910385
41575400,3500674,0.12925277650356293
41575400,2659715,0.16066038608551025
41575400,2210438,0.26537033915519714
41575400,448235,0.17893517017364502
41575400,2462734,0.5854982137680054
41575400,4773490,0.2040746510028839
41575400,3446808,0.4884045124053955
41575400,56697,0.09678466618061066
41575400,57758586,0.39119479060173035
41575400,3726172,0.2446112185716629
51563568,49486273,0.33504489064216614
51563568,11485507,0.34079253673553467
51563568,49012646,0.3557223975658417
51563568,51626185,0.4561406672000885
51563568,49052651,0.5332561731338501
51563568,16028907,0.06279139220714569
51563568,6632364,0.34678444266319275
51563568,51020274,0.5325523614883423
51563568,49598391,0.5002039670944214
51563568,25104890,0.6080762147903442
63323811,63313765,0.40370383858680725
63323811,63323782,0.27369165420532227
63323811,63323751,0.37674570083618164
63323811,63323850,0.39710867404937744
63323811,63323851,0.3874940872192383
63323811,63323755,0.26950469613075256
63323811,63313710,0.3803403973579407
63323811,63323886,0.26198506355285645
63323811,63313718,0.26612910628318787
63323811,63323743,0.2740883231163025
60161587,60169922,0.7161076068878174
60161587,60200072,0.714215099811554
60161587,60196360,0.645770788192749
60161587,60161615,0.6990354061126709
60161587,60196432,0.7349148392677307
60161587,60196338,0.7102027535438538
60161587,60169753,0.7651991248130798
60161587,60199994,0.4174342155456543
60161587,60196443,0.7676534652709961
60161587,60161599,0.678347110748291
61047130,61041089,0.3177388310432434
61047130,61053379,0.3299175798892975
61047130,61046729,0.31817376613616943
61047130,61053418,0.3285622298717499
61047130,61041097,0.3349330723285675
61047130,61048397,0.2996029853820801
61047130,61053358,0.34073683619499207
61047130,61042414,0.4752700626850128
61047130,61053134,0.34411415457725525
61047130,61042420,0.33462873101234436
63279467,63299457,0.4824988842010498
63279467,63279243,0.3426266014575958
63279467,63297392,0.3489796817302704
63279467,63296178,0.5696341395378113
63279467,63280435,0.3585973083972931
63279467,63279763,0.34879621863365173
63279467,63298358,0.3538969159126282
63279467,63296186,0.5583599805831909
63279467,63299388,0.34773504734039307
63279467,63299421,0.5485504269599915
60335405,15993824,0.6062328219413757
60335405,32621350,0.3662647008895874
60335405,46815207,0.20278491079807281
60335405,22210765,0.4789448380470276
60335405,60284014,0.19773752987384796
60335405,32589038,0.21358047425746918
60335405,8154225,0.3733612596988678
60335405,25097554,0.2715315520763397
60335405,21301491,0.3001275956630707
60335405,26020532,0.48468247056007385
60284014,32621350,0.3446674942970276
60284014,46815207,0.3234078884124756
60284014,6327085,0.11956086754798889
60284014,32589038,0.2053433358669281
60284014,60335405,0.14893172681331635
60284014,8154225,0.2813616096973419
60284014,25097554,0.31119322776794434
60284014,32598513,0.5070412158966064
60284014,21301491,0.1723550707101822
60284014,14176313,0.33619576692581177
58940136,49809474,0.3069930672645569
58940136,59199875,0.382091760635376
58940136,59331141,0.1583063155412674
58940136,928806,0.07488956302404404
58940136,40728490,0.09881313890218735
58940136,60681204,0.3053549826145172
58940136,25759381,0.17522801458835602
58940136,3719574,0.19387108087539673
58940136,1451416,0.29528918862342834
58940136,8713980,0.10012717545032501
55988396,24465925,0.20687344670295715
55988396,43190247,0.44501882791519165
55988396,16028907,0.08125332742929459
55988396,44760175,0.2593822181224823
55988396,14937072,0.20276376605033875
55988396,26026099,0.17654378712177277
55988396,6622547,0.2262030839920044
55988396,42367573,0.13307781517505646
55988396,670780,0.15075990557670593
55988396,47236735,0.5434306263923645
64210992,64210977,0.591886579990387
64210992,64210721,0.6226212382316589
64210992,64492035,0.7494899034500122
64210992,64191711,0.734158992767334
64210992,64210939,0.7867751121520996
64210992,64210503,0.8171257972717285
64210992,64210986,0.7212353348731995
64210992,64484302,0.40117233991622925
64210992,64210715,0.6287098526954651
64210992,64210943,0.5269468426704407
61227270,61233760,0.7476661205291748
61227270,61227496,0.7859606146812439
61227270,61220072,0.8309144973754883
61227270,61227274,0.8297878503799438
61227270,61215049,0.8497421741485596
61227270,61227311,0.7727649211883545
61227270,61220943,0.8171495199203491
61227270,61220081,0.7762369513511658
61227270,61234961,0.805002748966217
61227270,61233689,0.7437537312507629
59674087,59674176,0.3983311057090759
59674087,59675648,0.41629043221473694
59674087,59675555,0.6320047974586487
59674087,59890278,0.8903952836990356
59674087,59675528,0.7965156435966492
59674087,59674122,0.4109017252922058
59674087,59675599,0.6172387599945068
59674087,59682608,0.43454188108444214
59674087,59674105,0.7764415740966797
59674087,59674142,0.8213109970092773
67061821,63374425,0.06110905110836029
67061821,3175778,0.16384027898311615
67061821,55921892,0.24197666347026825
67061821,63373200,0.4521975815296173
67061821,63374168,0.32760941982269287
67061821,66870681,0.9424412846565247
67061821,4085083,0.2776562571525574
67061821,2419772,0.08563857525587082
67061821,63374493,0.07076817005872726
67061821,2419711,0.7399972677230835
53921191,4337893,0.06106438487768173
53921191,54673286,0.3515506982803345
53921191,13789161,0.2756761610507965
53921191,49118731,0.1128506287932396
53921191,4566603,0.10442515462636948
53921191,33555501,0.6280112862586975
53921191,53002445,0.5131622552871704
53921191,53694128,0.8560218214988708
53921191,52992657,0.19627350568771362
53921191,2930712,0.3356090188026428
53251123,24677601,0.2003566324710846
53251123,60942082,0.10430970042943954
53251123,43685316,0.14203503727912903
53251123,25223538,0.17541927099227905
53251123,10414102,0.08287320286035538
53251123,1695608,0.5787580609321594
53251123,50787065,0.09953828155994415
53251123,59204186,0.3179064393043518
53251123,20654300,0.13306671380996704
53251123,43141629,0.13177624344825745
59898886,59897249,0.8224033713340759
59898886,59898662,0.7352201342582703
59898886,59890278,0.7621849775314331
59898886,59898700,0.7130317091941833
59898886,59951085,0.572165310382843
59898886,59675599,0.7676655650138855
59898886,63254544,0.7872159481048584
59898886,59653553,0.8256050944328308
59898886,59881106,0.6823297142982483
59898886,60096915,0.9242814183235168
66484926,66502048,0.3734571635723114
66484926,62905024,0.38134756684303284
66484926,3413122,0.1726647913455963
66484926,66465474,0.31339776515960693
66484926,24662757,0.26714643836021423
66484926,43760166,0.32501521706581116
66484926,41811371,0.21180607378482819
66484926,43878900,0.22528788447380066
66484926,43709529,0.29511722922325134
66484926,24662747,0.15370796620845795
64780734,68433634,0.3086572289466858
64780734,64730918,0.3204370141029358
64780734,63266790,0.5630677938461304
64780734,64779657,0.33236244320869446
64780734,65654444,0.208719864487648
64780734,65704720,0.21452713012695312
64780734,65720564,0.4949427545070648
64780734,64342873,0.3523445725440979
64780734,65108218,0.25283753871917725
64780734,65711581,0.2230333685874939
62636958,62636993,0.47301971912384033
62636958,43761636,0.1358766257762909
62636958,62636965,0.08694449812173843
62636958,25573286,0.10569196194410324
62636958,21716170,0.2593076527118683
62636958,62636941,0.3843046724796295
62636958,11820848,0.12034649401903152
62636958,38373428,0.1767055243253708
62636958,62636984,0.3973729610443115
62636958,50787065,0.13626213371753693
59191454,6999075,0.2786443829536438
59191454,45277673,0.34687313437461853
59191454,3523179,0.12433060258626938
59191454,8810413,0.11163598299026489
59191454,28194876,0.16961491107940674
59191454,30184222,0.14250816404819489
59191454,55709502,0.6717535257339478
59191454,31374556,0.7010254859924316
59191454,60176157,0.2568586766719818
59191454,5853982,0.5387430191040039
63291071,61329157,0.336285263299942
63291071,64049193,0.25909948348999023
63291071,51307498,0.13800202310085297
63291071,59983113,0.15518710017204285
63291071,55481680,0.4882352948188782
63291071,66258993,0.2853419780731201
63291071,19346578,0.11470067501068115
63291071,69841299,0.2584393620491028
63291071,57851670,0.2589324414730072
63291071,61633977,0.10516943782567978
63591315,63592553,0.4564104378223419
63591315,63591211,0.3008296489715576
63591315,63591310,0.43413636088371277
63591315,63593214,0.4536319673061371
63591315,63591184,0.30736255645751953
63591315,63591219,0.454529345035553
63591315,63591611,0.2861905097961426
63591315,63606909,0.4246056079864502
63591315,63593022,0.30925434827804565
63591315,63636511,0.32160454988479614
62523416,8066245,0.11038101464509964
62523416,62399717,0.23206834495067596
62523416,44293349,0.11178822815418243
62523416,1115529,0.07966124266386032
62523416,62518601,0.3737163543701172
62523416,62342156,0.10211843997240067
62523416,68231860,0.15471278131008148
62523416,62207542,0.1961134523153305
62523416,48153148,0.23098117113113403
62523416,51146366,0.15023766458034515
61741659,61742368,0.7055631875991821
61741659,61741956,0.538214921951294
61741659,61747335,0.6627225279808044
61741659,61747402,0.5869211554527283
61741659,61741707,0.6541012525558472
61741659,61741679,0.7224112153053284
61741659,61741616,0.6783199310302734
61741659,61747316,0.6780915260314941
61741659,61741654,0.6861361861228943
61741659,61747325,0.7806654572486877
69891764,69892452,0.9451429843902588
69891764,69892519,0.5464879870414734
69891764,5810152,0.11171656847000122
69891764,69891629,0.4793524444103241
69891764,61523153,0.21739013493061066
69891764,69889233,0.5553568601608276
69891764,5807923,0.33386605978012085
69891764,69892503,0.9289863109588623
69891764,69892088,0.5638689398765564
69891764,69891931,0.952703058719635
58246920,6990113,0.4787849485874176
58246920,11637604,0.25847572088241577
58246920,2732615,0.48502644896507263
58246920,1785482,0.20286983251571655
58246920,4914091,0.22364668548107147
58246920,3663444,0.27147555351257324
58246920,7500116,0.18496236205101013
58246920,2279476,0.6451137661933899
58246920,12424347,0.20039430260658264
58246920,39629790,0.2035903036594391
58277581,10178499,0.6742449998855591
58277581,18089318,0.34603351354599
58277581,7946086,0.6047812700271606
58277581,4659688,0.12702815234661102
58277581,11145420,0.12238893657922745
58277581,1215347,0.15509478747844696
58277581,29488566,0.29262781143188477
58277581,826680,0.10257145017385483
58277581,29486171,0.08079182356595993
58277581,21485724,0.1331745982170105
58465609,7745762,0.42190852761268616
58465609,58438626,0.47633278369903564
58465609,58473701,0.6235253810882568
58465609,58473863,0.3805970549583435
58465609,58474087,0.7286033034324646
58465609,58438637,0.6968929171562195
58465609,58455475,0.8275989294052124
58465609,58473656,0.8115885853767395
58465609,58446553,0.6717488169670105
58465609,58446524,0.3820417523384094
59328261,67863684,0.17218011617660522
59328261,29378084,0.10716571658849716
59328261,5806118,0.15281331539154053
59328261,52894317,0.3030816912651062
59328261,25996119,0.2881382405757904
59328261,654480,0.6866496205329895
59328261,31935920,0.0971299335360527
59328261,61384375,0.22922401130199432
59328261,7263192,0.12063626199960709
59328261,25478360,0.13117387890815735
