,Pre-1900s,Unknown,20th century,21st century
0,0.0866983372996249,0.0440983860811654,0.0330407470145705,0.0
1,0.0373162256347611,0.0,0.0,0.0
2,0.0,0.2557028395508422,0.0,0.0
3,0.0964059196721081,0.1519192725441702,0.0516392119020467,0.0
4,0.1364548309113805,0.3301208049712391,0.0071008999028114,0.0
5,1.1250379020986254,0.27518402636998174,0.3140035352173684,0.0
6,0.0,0.032202710782469904,0.0,0.0
7,0.0601736973518324,0.0832118118536343,0.0,0.0
8,0.0,0.0412378563760121,0.0,0.0
9,0.09197894729835819,0.0799371220841059,0.0,0.0
10,0.0263286205113938,0.0279713999615111,0.0667095988914103,0.0
11,0.0,0.0,0.0,0.0
12,0.0914074527635151,0.8763501929109656,0.0260804522816934,0.0
13,0.0,0.0,0.0,0.0
14,0.0,0.11395100863613791,0.0,0.0
15,0.2291986995245539,0.3557446152024878,0.3241726284427685,0.63812222333659
16,0.0,0.0100816786973425,0.0651060139981624,0.1493610118715638
17,0.0822637299433069,0.0,0.1762862494703988,0.0
18,0.0493322807875728,0.0072502169754575,0.0202280110486994,0.0
19,0.0,0.0072944843600169,0.0,0.0
20,0.0,0.0919266404985975,0.0,0.0
21,0.0067955384238015,0.0,0.0,0.0
22,0.427023860455953,0.0,2.2865076595982288,0.7806828277966589
23,0.3311418334355208,0.0,1.7741005005320407,0.1164021162063652
24,0.0,0.025012090870138302,0.0,0.0
25,0.0623323242098249,0.014447884413474,0.102541490767249,0.0
26,0.0,0.2061355407227791,0.004548675685324,0.0
27,0.0,0.012917933135264,0.0,0.0
28,0.232258064516129,0.0708657653226788,1.433885249202677,0.35134408660079147
29,0.0827629952018389,0.28976929042440114,0.0,0.0
30,0.0,0.1795887906144824,0.0,0.0
31,0.0,0.0383073225717036,0.0,0.0
32,0.0,0.0,0.0,0.0
33,0.0,0.25085084213805703,0.0,0.0
34,0.0360533116383036,0.0,0.0050398277078146,0.0
35,0.0,0.0,0.0,0.0
36,0.0,0.0034032896088983,0.0,0.0
37,0.1485261779746877,0.3739335752211581,0.0002157519401103,0.0
38,0.0,0.0,0.0,0.0
39,0.0,0.3072419931026186,0.0,0.0
40,0.0,0.1037319236782316,0.0,0.0
41,0.0,0.0,0.0,0.0
42,0.0,0.2968365750823146,0.1316675991839282,0.0
43,0.13526264894504442,0.0967250338536735,0.0380952382679908,0.0
44,0.0,0.0,0.0,0.0
45,0.031750409939563996,0.38003977650640774,0.0,0.0
46,0.0,0.4253121512888931,0.0,0.0
47,0.111860832485948,0.0486636267430848,0.18337768643436958,0.0
48,0.0,0.0,1.856352562876854,0.3175176942217295
49,0.0143424256786884,0.0934623576236214,0.0,0.0
50,0.0,0.049139539944759406,0.0149697821445631,0.0
51,0.9379904456222127,0.0,1.5200390804119157,0.5055960519784621
52,0.0171428570373015,0.5692903423409664,0.0,0.0
53,0.0,0.5261435099160042,0.0,0.0
54,0.0,0.0233505445549511,0.0,0.0
55,0.0721389104111004,0.2104557656571252,0.1129220740016576,0.0
56,0.2430476019084627,0.0392458806576026,0.0,0.0
57,0.0030197905688103,0.0293556669332456,0.0,0.0
58,0.0,2.7991052328755783,0.0,0.0
59,0.0,0.0,0.0,0.0
60,0.0097756142582005,0.003963556084542,0.0274422294812423,0.0
61,0.0101428159849905,0.1659608579088553,0.0,0.0
62,0.0,0.5004079816304582,0.0600589072515084,0.0
63,0.3152920963064104,2.6787212832939447,0.0,0.0
64,0.0,0.010445470634438,0.0,0.0
65,0.0,0.066634642028637,0.0,0.0
66,0.0,0.0,0.1045925741743114,0.0
67,0.0,0.0722022474026955,0.0,0.0
68,0.0,0.9774467725275582,0.0,0.0
69,0.1302356842762593,0.38738488149864864,0.0,0.0
70,0.0,0.0146704312686775,0.0,0.0
71,0.8111061104941115,0.0008547006345825,1.5358674308996254,0.7481575524014366
72,0.5671568604183596,0.0663839043227226,0.6960897711553327,0.7372917773627246
73,0.0049019612508009,0.0,0.0076966427490908,0.0
74,0.0,0.0,0.0,0.0
75,0.0,0.06557497939339339,0.0,0.0
76,0.3992173667978131,0.1796850112066995,0.1047616448946866,0.0
77,0.0,0.0,0.1539416512645063,0.0
78,0.0251015130514962,0.06587999455427421,0.0366455248825155,0.0
79,0.0,4.870132698478604,0.0,0.0
80,0.0,0.3492199868864307,0.0,0.0
81,0.0,0.6447209488479474,0.0,0.0
82,0.0,0.45948199777376636,0.0,0.0
83,0.0,0.0,0.0,0.0
84,0.0,0.0107386727811428,0.0,0.0
85,0.0,0.0780309441300439,0.0195923218847892,0.0030492696369056
86,0.055761727566295,2.589841177548069,0.8788365618305953,0.0
87,0.0,0.061864111953923495,0.0,0.0
88,0.0655531686807311,0.2867802329605409,0.0471886539440964,0.0
89,0.0,0.2805413240393877,0.0,0.0
90,0.0,0.0,0.0,0.0
91,0.0,0.26951872744877603,0.0,0.0
92,0.0741462127298015,0.27605482845619544,0.0966625747050321,0.0
93,0.0,0.0,0.0,0.0
94,0.3518338188269444,2.0544603315886834,0.0,0.0
95,0.0096422445778493,0.015206142744163102,0.0,0.0
96,0.0,0.41167073409110416,0.0,0.0
97,0.0056322680546097,0.0056322680546097,0.0,0.0
98,0.0,0.8959705790424675,0.0,0.0
99,0.0,0.0,0.0,0.0
100,0.0,0.3962344883831588,0.595818815498701,0.0
101,0.0,0.0,0.0,0.0
102,0.0,0.1090588842420979,0.0,0.0
103,0.3630981591885154,0.27315326157707437,0.3657826131947821,0.0
104,0.0,0.0494589501594712,0.0,0.0
105,0.0,0.07140636011054119,0.0,0.0
106,0.0,0.0189873417721519,0.0465136240263782,0.0
107,0.0,0.0813689305167177,0.0,0.0
108,0.0,0.1561552180217034,0.024734422016369,0.0
109,0.0,0.11271023348287901,0.0,0.0
110,0.0,0.7016544596356709,0.0,0.0
111,0.0,0.2068923815726157,0.022497399827278802,0.0
112,0.0667204443677773,0.541907151839199,0.0,0.0
113,0.1846836132235546,0.7708183532435136,0.0,0.22094338118748058
114,0.0,0.0758168210088367,0.0,0.0
115,0.0,0.0961659345662095,0.0,0.0
116,0.10901386164429891,0.0945653470656514,0.0089635853702505,0.0222526217707587
117,0.0116959078616069,0.0595223613535212,0.0058207554025724,0.0
118,0.0,1.4537323002379787,0.0,0.0
119,0.0,0.1640928477894866,0.0,0.0
120,0.0042725839569922,0.0,0.0,0.0
121,0.009715445114772,0.0180315282535945,0.0,0.0
122,0.0,0.0,0.0,0.0
123,0.1128868745976597,0.21340313463644958,0.0,0.0
124,0.035273255225685,0.017108916088117602,0.048488024761743104,0.0
125,0.0,0.0312783106435408,0.0092091135923281,0.0019801981602722
126,0.2539514832709634,0.059077500340939705,0.245433953317455,0.0
127,0.1256661263311738,0.22333627660695368,0.0,0.0
128,0.9686807049622184,1.657017241441864,0.926418431582557,0.0
129,0.0,0.9957727215738885,0.0,0.0
130,0.0,0.00810547115418,0.00810547115418,0.0
131,0.091188752627834,0.1001836250907323,1.1027799354217689,0.0
132,0.0,0.496591511212289,0.0,0.0
133,0.1081252806056989,0.484120874677073,0.0,0.0
134,0.0,0.8800137908090043,0.0,0.0
135,0.0,0.0404821627928531,0.0,0.0
136,0.0,0.2375401366914348,0.0,0.1592982459980573
137,0.0,0.40327202149999913,0.14993057156775252,0.0
138,0.0,0.3595534118130759,0.0916912894212224,0.0
139,0.0,0.0,0.0173804862732436,0.0
140,0.0,0.0,0.0278217350751533,0.0
141,0.0449095173941705,0.0,0.0571440723381427,0.0
142,0.0055446839571255,0.1049679986467151,0.0081186868691739,0.0
143,0.2567164179104476,0.11567192403759602,0.0,0.0
144,0.0248813243511555,0.09864392369157819,0.0041995382165251,0.0
145,0.653393480250043,0.6751912652926132,0.125984250517701,0.2539682492517007
146,0.0,0.1763798961559425,0.0,0.0
147,0.0,0.9180991252322981,0.0480668756122164,0.0
148,0.2444632489127011,0.3475926938965832,0.0,0.0
149,0.0,0.799645881937817,0.0,0.0
150,0.0,0.1514235044699819,0.0,0.0
151,0.0,0.38685029401582166,0.0,0.0
152,0.0,0.24432042855691594,0.0472027968914449,0.0
153,0.0,0.0,0.0,0.0
154,0.0,0.0803303255194826,0.0,0.0
155,0.0,0.0231825508321121,0.013047137720141,0.4059042805772839
156,0.0,0.0,0.9627410324933404,0.0748220973808068
157,0.0,0.0192382438593307,0.0,0.0
158,0.0,0.034557246221137594,0.0,0.0
