,Unknown,20th century,21st century,Pre-1900s
0,0.0,0.0,0.0,0.0
1,0.0,0.0,0.0,0.0
2,0.0,0.0,0.0,0.0
3,0.0,0.0,0.0,0.0
4,8.999999954999998,0.0,0.999999995,0.0
5,0.0,0.0,0.0,0.0
6,6.666666666666667,0.0,0.0,0.0
7,9.999999949999998,0.0,0.0,0.0
8,0.0,0.0,0.0,0.0
9,7.142857133673469,0.0,0.0,0.0
10,0.0,0.0,0.0,0.0
11,3.4615384548816577,0.0,0.0,0.3846153838757397
12,7.9999999599999985,0.0,0.0,0.0
13,0.0,0.0,0.0,0.0
14,0.0,0.0,0.0,0.0
15,0.999999995,5.999999969999999,1.99999999,0.0
16,0.0,5.999999969999999,0.999999995,0.999999995
17,0.0,0.0,0.0,0.0
18,0.4444444409876544,0.0,0.4444444409876544,0.0
19,0.0,0.0,0.0,0.0
20,0.0,0.0,0.0,0.0
21,0.0,0.0,0.0,0.0
22,0.0,3.99999998,2.999999985,0.999999995
23,0.0,6.999999964999999,0.999999995,1.99999999
24,3.888888873765432,0.0,0.0,0.0
25,3.99999998,3.99999998,0.0,1.99999999
26,7.4615384229881645,0.0,0.4615384579881657,0.0
27,0.0,0.0,0.0,0.0
28,0.0,5.7999999702,2.999999985,0.0
29,0.0,0.0,0.0,0.0
30,0.0,0.0,0.0,0.0
31,4.89999998505,0.0,0.0,0.0
32,2.999999985,1.99999999,0.0,0.999999995
33,3.99999998,0.999999995,0.0,0.0
34,0.0,0.0,0.0,0.0
35,0.0,0.0,0.0,0.0
36,0.0,0.0,0.0,0.0
37,0.0,0.0,0.0,0.0
38,0.0,0.0,0.0,0.0
39,4.6666666547222215,0.0,0.0,0.0
40,0.0,0.0,0.0,0.0
41,3.999999989999999,0.4999999987499999,0.0,0.0
42,0.0,0.0,0.0,0.0
43,0.0,0.0,0.0,0.0
44,2.333333318888889,2.999999985,0.0,3.2857142666326533
45,0.0,5.666666637222223,0.0,0.999999995
46,6.999999964999999,0.0,0.0,0.0
47,0.0,0.0,0.0,0.0
48,0.0,3.99999998,2.999999985,0.999999995
49,1.99999999,0.0,0.0,5.999999969999999
50,0.0,0.0,0.0,0.0
51,0.0,2.3999999856,0.0,1.1333333235333334
52,7.9999999599999985,0.0,0.0,0.0
53,0.0,0.0,0.0,0.0
54,2.9999999775000004,1.4999999887500002,0.0,0.0
55,0.0,0.0,0.0,0.0
56,0.0,0.0,0.0,0.0
57,4.499999999999999,0.4999999999999999,0.0,0.0
58,1.9999999979999992,0.0,0.0,0.0
59,0.0,0.0,0.0,0.0
60,0.0,0.0,0.0,0.0
61,0.5999999998,0.0,0.0,0.0
62,0.0,0.0,0.0,0.0
63,5.727272726900827,0.0,0.0,0.6363636363223141
64,2.999999985,0.999999995,0.0,2.999999985
65,0.999999995,0.0,0.0,0.0
66,0.0,0.0,0.999999995,0.999999995
67,3.3333333277777775,0.0,0.0,0.0
68,3.9999999999999996,0.0,0.1666666672222221,0.0
69,1.999999993333333,2.6666666577777773,0.0,1.999999993333333
70,0.0,0.0,0.0,0.0
71,0.0,6.999999964999999,0.999999995,0.999999995
72,0.0,0.0,0.0,0.999999995
73,2.999999985,0.0,0.0,0.0
74,1.9999999850000003,0.4999999962500001,0.0,1.9999999850000003
75,0.26666666625185165,0.5777777771012342,0.0,0.0888888887506172
76,0.0,0.0,0.0,0.0
77,0.0,0.0,0.0,1.99999999
78,5.999999969999999,0.0,0.0,2.999999985
79,0.0,0.0,0.0,0.0
80,1.9838383867265774,0.3232323235424955,0.0,0.0
81,9.999999949999998,0.0,0.0,0.0
82,0.0,0.0,0.0,0.0
83,0.0,0.0,0.0,0.0
84,7.9999999599999985,0.0,0.0,1.99999999
85,0.0,0.0,0.0,0.0
86,3.99999998,0.0,0.0,0.0
87,9.0999999503125,0.0,0.0,0.0
88,4.999999987499999,0.0,0.0,0.0
89,6.794871795964824,0.0,0.0,0.0
90,0.3999999952,0.0,0.0,0.0
91,3.999999989999999,0.0,0.9999999974999998,0.0
92,4.999999975,0.0,0.0,1.99999999
93,0.0,0.0,0.0,0.0
94,0.0,0.0,0.0,0.0
95,0.0,0.0,0.0,0.0
96,0.0,0.0,0.0,0.0
97,1.7999999854,0.0,0.0,1.7499999903124999
98,3.7110538370364563,0.0,0.0,0.0
99,0.0,0.0,0.0,0.0
100,0.0,0.0,0.0,0.0
101,9.333333284444443,0.0,0.0,0.0
102,2.6666666622222217,0.3333333327777777,0.0,0.0
103,0.0,0.0,0.0,0.0
104,0.0,0.0,0.0,0.0
105,0.0,0.0,0.0,0.0
106,0.7999999904,0.0,0.0,0.0
107,0.0,0.0,0.0,0.0
108,0.0,0.0,0.0,0.0
109,4.0333333308083335,0.0,0.0,0.0
110,1.4285714234693878,0.0,0.0,0.0
111,1.4999999962499997,1.4999999962499997,0.0,0.4999999987499999
112,9.999999949999998,0.0,0.0,0.0
113,0.0,0.0,0.0,0.0
114,0.0,0.0,0.0,0.0
115,0.0,0.0,0.0,0.0
116,0.0,0.0,0.0,0.0
117,0.0,0.0,0.0,0.0
118,9.999999949999998,0.0,0.0,0.0
119,1.99999999,4.999999975,0.0,0.0
120,4.1999999874,0.0,0.0,1.7999999945999998
121,0.0,0.0,0.0,0.0
122,0.0,0.0,0.0,0.0
123,0.999999995,0.0,0.0,3.99999998
124,0.0,0.0,0.0,0.0
125,0.0,0.0,0.0,0.0
126,0.0,0.0,0.0,0.0
127,5.99999998,0.6666666644444443,0.0,0.0
128,0.0,0.0,0.0,0.0
129,0.3137254902998837,0.0,0.0,0.0
130,0.4999999950000001,0.0,0.0,0.0
131,0.0,5.333333297777778,0.0,0.6666666622222223
132,6.380952331258505,0.0,0.0,0.0
133,0.0,0.0,0.0,0.0
134,5.298701258139653,0.0,0.0,0.0
135,6.323076878336096,0.0,0.0,0.0
136,4.999999975,0.0,4.999999975,0.0
137,0.0,0.0,0.0,0.0
138,0.999999995,0.0,0.0,0.0
139,0.0,0.0,0.0,0.0
140,0.0,0.0,0.0,0.0
141,0.0,0.0,0.0,0.0
142,0.0,0.0,0.0,0.0
143,0.0,0.0,0.0,0.0
144,0.0,0.0,0.0,0.0
145,0.0,0.0,0.0,0.0
146,0.0,0.0,0.0,0.0
147,6.999999964999999,0.0,0.0,0.0
148,6.733333287977778,0.0,0.0,0.0
149,0.0,0.0,0.0,0.0
150,0.0,0.0,0.0,0.0
151,0.0,0.0,0.0,0.0
152,0.0,0.0,0.0,0.0
153,0.7857142883163266,1.00000000375,0.0,0.0
154,8.999999954999998,0.8571428522448981,0.0,0.0
155,3.3999999802,0.0,1.7999999854,0.3999999952
156,2.999999985,5.999999969999999,0.999999995,0.0
157,7.199999992799999,0.0,0.0,0.0
158,0.0,0.0,0.0,0.0
