,2017-2022,2012-2016,2007-2011,2001-2006
0,0.1,0.1,0.7,0.1
1,0.2,0.1,0.4,0.3
2,0.2,0.1,0.1,0.6
3,0.0,0.0,0.2,0.8
4,0.1,0.1,0.5,0.3
5,0.0,0.1,0.4,0.5
6,0.0,0.0,0.1,0.9
7,0.1,0.1,0.4,0.4
8,0.0,0.0,0.0,1.0
9,0.0,0.1,0.6,0.3
10,0.0,0.2,0.5,0.3
11,0.1,0.2,0.4,0.3
12,0.0,0.1,0.4,0.5
13,0.2,0.1,0.2,0.5
14,0.0,0.4,0.6,0.0
15,0.0,0.0,0.1,0.9
16,0.2,0.1,0.0,0.7
17,0.0,0.0,0.6,0.4
18,0.0,0.0,0.9,0.1
19,0.0,0.0,0.0,1.0
20,0.0,0.0,0.2,0.8
21,0.0,0.3,0.1,0.6
22,0.0,0.1,0.2,0.7
23,0.1,0.3,0.2,0.4
24,0.1,0.2,0.5,0.2
25,0.0,0.0,0.0,1.0
26,0.1,0.2,0.1,0.6
27,0.1,0.1,0.3,0.5
28,0.1,0.0,0.2,0.7
29,0.2,0.3,0.2,0.3
30,0.0,0.1,0.4,0.5
31,0.4,0.1,0.2,0.3
32,0.3,0.2,0.4,0.1
33,0.0,0.0,0.2,0.8
34,0.2,0.1,0.1,0.6
35,0.0,0.0,0.3,0.7
36,0.2,0.4,0.2,0.2
37,0.1,0.1,0.5,0.3
38,0.0,0.3,0.4,0.3
39,0.0,0.0,0.0,1.0
40,0.0,0.1,0.4,0.5
41,0.1,0.1,0.2,0.6
42,0.2,0.2,0.4,0.2
43,0.3,0.3,0.2,0.2
44,0.0,0.0,0.2,0.8
45,0.0,0.0,0.3,0.7
46,0.0,0.1,0.0,0.9
47,0.2,0.0,0.3,0.5
48,0.2,0.1,0.1,0.6
49,0.3,0.2,0.4,0.1
50,0.5,0.0,0.2,0.3
51,0.0,0.0,0.5,0.5
52,0.3,0.1,0.3,0.3
53,0.1,0.1,0.1,0.7
54,0.0,0.0,0.0,1.0
55,0.0,0.0,0.4,0.6
56,0.1,0.1,0.7,0.1
57,0.1,0.0,0.3,0.6
58,0.1,0.0,0.5,0.4
59,0.2,0.1,0.6,0.1
60,0.1,0.2,0.4,0.3
61,0.2,0.2,0.4,0.2
62,0.0,0.3,0.7,0.0
63,0.1,0.4,0.2,0.3
64,0.1,0.4,0.2,0.3
65,0.0,0.2,0.7,0.1
66,0.1,0.1,0.5,0.3
67,0.1,0.1,0.2,0.6
68,0.0,0.1,0.6,0.3
69,0.2,0.1,0.4,0.3
70,0.1,0.1,0.3,0.5
71,0.0,0.0,1.0,0.0
72,0.1,0.0,0.4,0.5
73,0.2,0.1,0.1,0.6
74,0.0,0.3,0.3,0.4
75,0.0,0.1,0.5,0.4
76,0.1,0.3,0.2,0.4
77,0.2,0.0,0.2,0.6
78,0.1,0.2,0.6,0.1
79,0.2,0.4,0.2,0.2
80,0.1,0.0,0.3,0.6
81,0.3,0.2,0.3,0.2
82,0.1,0.4,0.5,0.0
83,0.6,0.0,0.2,0.2
84,0.1,0.1,0.2,0.6
85,0.0,0.0,0.7,0.3
86,0.1,0.1,0.5,0.3
87,0.0,0.1,0.4,0.5
88,0.1,0.2,0.6,0.1
89,0.1,0.1,0.4,0.4
90,0.1,0.1,0.3,0.5
91,0.1,0.4,0.5,0.0
92,0.0,0.0,1.0,0.0
93,0.1,0.4,0.3,0.2
94,0.0,0.3,0.3,0.4
95,0.1,0.3,0.2,0.4
96,0.2,0.0,0.4,0.4
97,0.1,0.0,0.5,0.4
98,0.2,0.2,0.4,0.2
99,0.3,0.2,0.4,0.1
100,0.0,0.4,0.4,0.2
101,0.0,0.0,0.7,0.3
102,0.3,0.2,0.5,0.0
103,0.1,0.0,0.3,0.6
104,0.1,0.2,0.2,0.5
105,0.1,0.5,0.3,0.1
106,0.7,0.0,0.3,0.0
107,0.2,0.1,0.2,0.5
108,0.2,0.2,0.4,0.2
109,0.5,0.2,0.1,0.2
110,0.0,0.0,0.8,0.2
111,0.2,0.4,0.4,0.0
112,0.2,0.1,0.3,0.4
113,0.0,0.0,1.0,0.0
114,0.1,0.2,0.2,0.5
115,0.0,0.1,0.6,0.3
116,0.2,0.3,0.3,0.2
117,0.4,0.1,0.1,0.4
118,0.0,0.2,0.7,0.1
119,0.2,0.5,0.1,0.2
120,0.0,0.0,0.9,0.1
121,0.2,0.3,0.3,0.2
122,0.2,0.1,0.5,0.2
123,0.2,0.2,0.5,0.1
124,0.2,0.2,0.3,0.3
125,0.2,0.0,0.3,0.5
126,0.2,0.3,0.4,0.1
127,0.0,0.1,0.4,0.5
128,0.3,0.5,0.0,0.2
129,0.1,0.6,0.2,0.1
130,0.0,0.1,0.9,0.0
131,0.1,0.1,0.3,0.5
132,0.1,0.1,0.4,0.4
133,0.5,0.4,0.1,0.0
134,0.4,0.0,0.4,0.2
135,0.2,0.1,0.6,0.1
136,0.1,0.4,0.4,0.1
137,0.2,0.1,0.1,0.6
138,0.0,0.4,0.0,0.6
139,0.3,0.4,0.2,0.1
140,0.2,0.0,0.4,0.4
141,0.0,0.1,0.3,0.6
142,0.3,0.1,0.4,0.2
143,0.3,0.1,0.3,0.3
144,0.0,0.2,0.6,0.2
145,0.3,0.2,0.3,0.2
146,0.3,0.6,0.1,0.0
147,0.0,0.3,0.7,0.0
148,0.0,0.8,0.1,0.1
149,0.0,0.1,0.5,0.4
150,0.1,0.8,0.0,0.1
151,0.1,0.3,0.6,0.0
152,0.2,0.5,0.2,0.1
153,0.2,0.2,0.1,0.5
154,0.0,0.2,0.4,0.4
155,0.0,1.0,0.0,0.0
156,0.0,0.4,0.2,0.4
157,0.3,0.0,0.3,0.4
158,0.2,0.5,0.3,0.0
159,0.3,0.5,0.0,0.2
160,0.3,0.0,0.2,0.5
161,0.3,0.0,0.6,0.1
162,0.0,0.4,0.1,0.5
163,0.0,0.0,0.6,0.4
164,0.0,0.0,0.4,0.6
165,0.2,0.2,0.5,0.1
166,0.0,0.5,0.2,0.3
167,0.3,0.1,0.3,0.3
168,0.1,0.2,0.6,0.1
169,0.0,1.0,0.0,0.0
170,0.2,0.3,0.2,0.3
171,0.2,0.3,0.3,0.2
172,0.1,0.5,0.4,0.0
173,0.0,0.9,0.1,0.0
174,0.0,0.5,0.3,0.2
175,0.1,0.3,0.2,0.4
176,0.2,0.1,0.1,0.6
177,0.2,0.8,0.0,0.0
178,0.1,0.1,0.3,0.5
179,0.0,1.0,0.0,0.0
180,0.1,0.1,0.2,0.6
181,0.5,0.3,0.2,0.0
182,0.6,0.2,0.1,0.1
183,0.9,0.1,0.0,0.0
184,0.1,0.2,0.4,0.3
185,0.5,0.0,0.2,0.3
186,0.2,0.2,0.5,0.1
187,0.4,0.6,0.0,0.0
188,0.5,0.1,0.3,0.1
189,0.9,0.0,0.1,0.0
190,0.2,0.4,0.1,0.3
191,0.5,0.0,0.4,0.1
192,0.8,0.2,0.0,0.0
193,0.3,0.0,0.5,0.2
194,0.2,0.2,0.3,0.3
195,0.1,0.1,0.5,0.3
196,0.3,0.1,0.6,0.0
197,0.1,0.4,0.5,0.0
198,0.4,0.2,0.2,0.2
199,0.5,0.1,0.3,0.1
200,0.1,0.1,0.2,0.6
201,0.7,0.1,0.2,0.0
202,0.5,0.1,0.3,0.1
203,0.1,0.2,0.4,0.3
204,0.7,0.1,0.2,0.0
205,0.2,0.2,0.4,0.2
206,0.0,0.3,0.5,0.2
207,0.2,0.3,0.4,0.1
208,0.1,0.3,0.4,0.2
209,0.8,0.2,0.0,0.0
210,0.2,0.2,0.6,0.0
211,0.1,0.4,0.3,0.2
212,0.4,0.6,0.0,0.0
213,0.3,0.3,0.2,0.2
214,0.6,0.2,0.1,0.1
215,0.0,0.4,0.3,0.3
216,0.1,0.3,0.4,0.2
217,0.3,0.4,0.1,0.2
218,0.0,0.2,0.8,0.0
219,0.6,0.4,0.0,0.0
220,0.5,0.2,0.2,0.1
221,0.1,0.5,0.2,0.2
222,0.4,0.0,0.3,0.3
223,0.4,0.0,0.5,0.1
224,0.1,0.1,0.8,0.0
225,0.2,0.1,0.6,0.1
226,0.4,0.2,0.3,0.1
227,0.7,0.1,0.2,0.0
228,0.6,0.2,0.2,0.0
229,0.8,0.1,0.0,0.1
230,0.2,0.4,0.1,0.3
231,0.2,0.4,0.3,0.1
232,0.4,0.3,0.2,0.1
233,0.5,0.1,0.3,0.1
234,0.6,0.1,0.2,0.1
235,0.3,0.0,0.3,0.4
236,0.2,0.3,0.5,0.0
237,0.7,0.0,0.1,0.2
238,0.5,0.0,0.5,0.0
239,0.2,0.2,0.2,0.4
240,0.2,0.3,0.5,0.0
241,0.1,0.5,0.3,0.1
242,0.3,0.2,0.4,0.1
243,0.2,0.2,0.5,0.1
244,0.6,0.1,0.3,0.0
