,Medium-Low,High,Medium-High,Low
0,0.2,0.0,0.0,0.8
1,0.0,0.0,0.1,0.9
2,0.5,0.0,0.2,0.3
3,0.0,0.0,0.0,1.0
4,0.5,0.1,0.0,0.4
5,0.1,0.5,0.1,0.3
6,0.2,0.0,0.0,0.8
7,0.0,0.0,0.0,1.0
8,0.0,0.0,0.0,1.0
9,0.0,0.0,0.1,0.9
10,0.4,0.0,0.2,0.4
11,0.1,0.0,0.0,0.9
12,0.3,0.0,0.0,0.7
13,0.2,0.2,0.5,0.1
14,0.2,0.0,0.0,0.8
15,0.6,0.0,0.1,0.3
16,0.0,0.0,0.1,0.9
17,0.1,0.0,0.0,0.9
18,0.1,0.0,0.0,0.9
19,0.1,0.0,0.0,0.9
20,0.5,0.0,0.0,0.5
21,0.1,0.0,0.0,0.9
22,0.5,0.0,0.0,0.5
23,0.0,0.0,0.1,0.9
24,0.2,0.0,0.3,0.5
25,0.1,0.0,0.0,0.9
26,0.4,0.0,0.2,0.4
27,0.4,0.0,0.1,0.5
28,0.4,0.0,0.2,0.4
29,0.2,0.0,0.2,0.6
30,0.1,0.0,0.0,0.9
31,0.2,0.0,0.1,0.7
32,0.1,0.0,0.0,0.9
33,0.4,0.0,0.1,0.5
34,0.6,0.2,0.2,0.0
35,0.1,0.0,0.0,0.9
36,0.0,0.1,0.1,0.8
37,0.3,0.0,0.0,0.7
38,0.3,0.0,0.1,0.6
39,0.1,0.0,0.0,0.9
40,0.2,0.0,0.0,0.8
41,0.2,0.2,0.5,0.1
42,0.2,0.0,0.0,0.8
43,0.2,0.0,0.0,0.8
44,0.5,0.0,0.4,0.1
45,0.5,0.0,0.4,0.1
46,0.1,0.0,0.0,0.9
47,0.1,0.0,0.1,0.8
48,0.3,0.0,0.0,0.7
49,0.3,0.1,0.1,0.5
50,0.6,0.0,0.1,0.3
51,0.5,0.0,0.0,0.5
52,0.6,0.0,0.0,0.4
53,0.0,0.0,0.0,1.0
54,0.2,0.0,0.0,0.8
55,0.2,0.0,0.0,0.8
56,0.5,0.0,0.0,0.5
57,0.2,0.0,0.0,0.8
58,0.4,0.2,0.3,0.1
59,0.5,0.0,0.1,0.4
60,0.8,0.0,0.1,0.1
61,0.2,0.0,0.0,0.8
62,0.2,0.0,0.0,0.8
63,0.4,0.0,0.1,0.5
64,0.2,0.0,0.1,0.7
65,0.1,0.0,0.1,0.8
66,0.2,0.0,0.0,0.8
67,0.2,0.0,0.0,0.8
68,0.3,0.0,0.1,0.6
69,0.2,0.0,0.0,0.8
70,0.2,0.0,0.2,0.6
71,0.0,0.0,0.0,1.0
72,0.4,0.0,0.0,0.6
73,0.1,0.0,0.0,0.9
74,0.4,0.0,0.1,0.5
75,0.6,0.0,0.1,0.3
76,0.4,0.0,0.0,0.6
77,0.1,0.3,0.2,0.4
78,0.0,0.6,0.3,0.1
79,0.3,0.0,0.0,0.7
80,0.4,0.1,0.0,0.5
81,0.0,0.0,0.1,0.9
82,0.0,0.0,0.0,1.0
83,0.2,0.0,0.2,0.6
84,0.1,0.0,0.0,0.9
85,0.0,0.0,0.0,1.0
86,0.3,0.0,0.2,0.5
87,0.2,0.0,0.1,0.7
88,0.2,0.0,0.0,0.8
89,0.6,0.0,0.0,0.4
90,0.4,0.2,0.0,0.4
91,0.3,0.0,0.0,0.7
92,0.0,0.0,0.6,0.4
93,0.6,0.1,0.0,0.3
94,0.1,0.0,0.1,0.8
95,0.3,0.0,0.2,0.5
96,0.2,0.1,0.2,0.5
97,0.0,0.0,0.0,1.0
98,0.2,0.0,0.1,0.7
99,0.1,0.2,0.2,0.5
100,0.4,0.0,0.0,0.6
101,0.1,0.0,0.0,0.9
102,0.2,0.1,0.1,0.6
103,0.4,0.0,0.4,0.2
104,0.1,0.1,0.1,0.7
105,0.4,0.0,0.2,0.4
106,0.4,0.0,0.1,0.5
107,0.5,0.1,0.1,0.3
108,0.3,0.0,0.1,0.6
109,0.1,0.0,0.2,0.7
110,0.1,0.0,0.0,0.9
111,0.2,0.0,0.0,0.8
112,0.0,0.0,0.0,1.0
113,0.0,0.0,0.0,1.0
114,0.2,0.0,0.1,0.7
115,0.4,0.0,0.0,0.6
116,0.6,0.1,0.1,0.2
117,0.6,0.0,0.2,0.2
118,0.0,0.0,0.0,1.0
119,0.2,0.0,0.0,0.8
120,0.2,0.0,0.0,0.8
121,0.0,0.0,0.0,1.0
122,0.2,0.0,0.1,0.7
123,0.4,0.1,0.1,0.4
124,0.1,0.6,0.3,0.0
125,0.3,0.2,0.3,0.2
126,0.3,0.0,0.0,0.7
127,0.1,0.0,0.3,0.6
128,0.2,0.0,0.2,0.6
129,0.2,0.3,0.2,0.3
130,0.1,0.0,0.0,0.9
131,0.4,0.0,0.0,0.6
132,0.3,0.0,0.2,0.5
133,0.1,0.0,0.0,0.9
134,0.0,0.0,0.0,1.0
135,0.4,0.0,0.0,0.6
136,0.3,0.0,0.1,0.6
137,0.0,0.0,0.1,0.9
138,0.2,0.0,0.0,0.8
139,0.6,0.1,0.0,0.3
140,0.0,0.0,0.0,1.0
141,0.0,0.0,0.0,1.0
142,0.1,0.0,0.0,0.9
143,0.3,0.1,0.2,0.4
144,0.1,0.0,0.1,0.8
145,0.3,0.0,0.3,0.4
146,0.1,0.0,0.0,0.9
147,0.1,0.0,0.1,0.8
148,0.1,0.1,0.0,0.8
149,0.2,0.0,0.0,0.8
150,0.1,0.0,0.1,0.8
151,0.5,0.0,0.3,0.2
152,0.6,0.0,0.0,0.4
153,0.4,0.0,0.4,0.2
154,0.0,0.0,0.0,1.0
155,0.2,0.0,0.0,0.8
156,0.4,0.0,0.1,0.5
157,0.2,0.0,0.1,0.7
158,0.0,0.0,0.1,0.9
159,0.1,0.0,0.1,0.8
160,0.3,0.0,0.0,0.7
161,0.4,0.0,0.1,0.5
162,0.3,0.0,0.3,0.4
163,0.1,0.0,0.0,0.9
164,0.1,0.1,0.0,0.8
165,0.3,0.0,0.1,0.6
166,0.0,0.0,0.0,1.0
167,0.1,0.0,0.0,0.9
168,0.2,0.1,0.1,0.6
169,0.2,0.0,0.0,0.8
170,0.1,0.0,0.2,0.7
171,0.1,0.0,0.1,0.8
172,0.3,0.0,0.1,0.6
173,0.0,0.0,0.0,1.0
174,0.3,0.0,0.0,0.7
175,0.5,0.0,0.1,0.4
176,0.3,0.1,0.2,0.4
177,0.0,0.0,0.0,1.0
178,0.1,0.0,0.0,0.9
179,0.1,0.1,0.0,0.8
180,0.2,0.0,0.0,0.8
181,0.0,0.0,0.4,0.6
182,0.3,0.0,0.0,0.7
183,0.0,0.0,0.0,1.0
184,0.2,0.0,0.0,0.8
185,0.2,0.0,0.1,0.7
186,0.2,0.0,0.0,0.8
187,0.0,0.0,0.1,0.9
188,0.5,0.0,0.3,0.2
189,0.1,0.0,0.1,0.8
190,0.2,0.0,0.0,0.8
191,0.1,0.0,0.1,0.8
192,0.2,0.0,0.0,0.8
193,0.1,0.0,0.1,0.8
194,0.3,0.0,0.3,0.4
195,0.0,0.0,0.0,1.0
196,0.1,0.0,0.0,0.9
197,0.6,0.0,0.3,0.1
198,0.3,0.0,0.1,0.6
199,0.3,0.0,0.1,0.6
200,0.0,0.0,0.0,1.0
201,0.3,0.1,0.0,0.6
202,0.0,0.0,0.0,1.0
203,0.2,0.0,0.0,0.8
204,0.0,0.0,0.0,1.0
205,0.1,0.1,0.8,0.0
206,0.1,0.0,0.0,0.9
207,0.2,0.0,0.0,0.8
208,0.1,0.0,0.0,0.9
209,0.0,0.0,0.0,1.0
210,0.0,0.0,0.1,0.9
211,0.2,0.0,0.0,0.8
212,0.1,0.0,0.0,0.9
213,0.5,0.0,0.1,0.4
214,0.3,0.0,0.0,0.7
215,0.3,0.0,0.0,0.7
216,0.3,0.0,0.0,0.7
217,0.2,0.2,0.1,0.5
218,0.3,0.0,0.0,0.7
219,0.0,0.0,0.0,1.0
220,0.2,0.0,0.0,0.8
221,0.2,0.0,0.2,0.6
222,0.0,0.5,0.0,0.5
223,0.4,0.0,0.5,0.1
224,0.6,0.1,0.1,0.2
225,0.2,0.1,0.3,0.4
226,0.0,0.0,0.0,1.0
227,0.0,0.0,0.1,0.9
228,0.1,0.1,0.3,0.5
229,0.1,0.0,0.0,0.9
230,0.4,0.0,0.1,0.5
231,0.1,0.0,0.1,0.8
232,0.0,0.0,0.0,1.0
233,0.4,0.0,0.1,0.5
234,0.0,0.0,0.0,1.0
235,0.5,0.0,0.2,0.3
236,0.0,0.0,0.0,1.0
237,0.3,0.0,0.3,0.4
238,0.2,0.0,0.0,0.8
239,0.2,0.0,0.1,0.7
240,0.2,0.0,0.2,0.6
241,0.2,0.0,0.0,0.8
242,0.4,0.0,0.3,0.3
243,0.2,0.0,0.0,0.8
244,0.2,0.0,0.0,0.8
